<?xml version="1.0" encoding="UTF-8"?>
<project-private xmlns="http://www.netbeans.org/ns/project-private/1">
    <editor-bookmarks xmlns="http://www.netbeans.org/ns/editor-bookmarks/2" lastBookmarkId="0"/>
    <open-files xmlns="http://www.netbeans.org/ns/projectui-open-files/2">
        <group>
            <file>file:/C:/Users/caleb/OneDrive/Documents/NetBeansProjects/iceTask1_Semester2/src/icetask1_semester2/Reptile.java</file>
            <file>file:/C:/Users/caleb/OneDrive/Documents/NetBeansProjects/iceTask1_Semester2/src/icetask1_semester2/IceTask1_Semester2.java</file>
            <file>file:/C:/Users/caleb/OneDrive/Documents/NetBeansProjects/iceTask1_Semester2/src/icetask1_semester2/Bird.java</file>
            <file>file:/C:/Users/caleb/OneDrive/Documents/NetBeansProjects/iceTask1_Semester2/src/icetask1_semester2/Animal.java</file>
        </group>
    </open-files>
</project-private>
